{
  "TN": [
    34.0,
    9.0
  ],
  "AD": [
    42.5,
    1.5
  ],
  "VN": [
    16.16666666,
    107.83333333
  ],
  "EC": [
    -2.0,
    -77.5
  ],
  "PR": [
    18.25,
    -66.5
  ],
  "US": [
    38.0,
    -97.0
  ],
  "GS": [
    -54.5,
    -37.0
  ],
  "IL": [
    31.47,
    35.13
  ],
  "GB": [
    54.0,
    -2.0
  ],
  "VG": [
    18.431383,
    -64.62305
  ],
  "MM": [
    22.0,
    98.0
  ],
  "PL": [
    52.0,
    20.0
  ],
  "TC": [
    21.75,
    -71.58333333
  ],
  "AF": [
    33.0,
    65.0
  ],
  "GP": [
    16.25,
    -61.583333
  ],
  "KE": [
    1.0,
    38.0
  ],
  "AS": [
    -14.33333333,
    -170.0
  ],
  "AO": [
    -12.5,
    18.5
  ],
  "BT": [
    27.5,
    90.5
  ],
  "MT": [
    35.9375,
    14.3754
  ],
  "JE": [
    49.25,
    -2.16666666
  ],
  "RU": [
    60.0,
    100.0
  ],
  "NP": [
    28.0,
    84.0
  ],
  "GW": [
    12.0,
    -15.0
  ],
  "IQ": [
    33.0,
    44.0
  ],
  "SD": [
    15.0,
    30.0
  ],
  "PF": [
    -17.6797,
    -149.4068
  ],
  "DJ": [
    11.5,
    43.0
  ],
  "MZ": [
    -18.25,
    35.0
  ],
  "VI": [
    18.35,
    -64.933333
  ],
  "AW": [
    12.5,
    -69.96666666
  ],
  "SH": [
    -15.95,
    -5.72
  ],
  "ZA": [
    -29.0,
    24.0
  ],
  "LI": [
    47.26666666,
    9.53333333
  ],
  "ST": [
    1.0,
    7.0
  ],
  "BI": [
    -3.5,
    30.0
  ],
  "RW": [
    -2.0,
    30.0
  ],
  "BE": [
    50.83333333,
    4.0
  ],
  "GU": [
    13.46666666,
    144.78333333
  ],
  "JO": [
    31.0,
    36.0
  ],
  "MP": [
    15.2,
    145.75
  ],
  "GQ": [
    2.0,
    10.0
  ],
  "MH": [
    9.0,
    168.0
  ],
  "NU": [
    -19.03333333,
    -169.86666666
  ],
  "ES": [
    40.0,
    -4.0
  ],
  "KG": [
    41.0,
    75.0
  ],
  "BV": [
    54.4208,
    3.3464
  ],
  "MR": [
    20.0,
    -12.0
  ],
  "WS": [
    -13.58333333,
    -172.33333333
  ],
  "MW": [
    -13.5,
    34.0
  ],
  "PA": [
    9.0,
    -80.0
  ],
  "TH": [
    15.0,
    100.0
  ],
  "TR": [
    39.0,
    35.0
  ],
  "PH": [
    13.0,
    122.0
  ],
  "PN": [
    -25.06666666,
    -130.1
  ],
  "SI": [
    46.11666666,
    14.81666666
  ],
  "AE": [
    24.0,
    54.0
  ],
  "GE": [
    42.0,
    43.5
  ],
  "GR": [
    39.0,
    22.0
  ],
  "AM": [
    40.0,
    45.0
  ],
  "CC": [
    -12.1642,
    96.871
  ],
  "CR": [
    10.0,
    -84.0
  ],
  "KI": [
    1.41666666,
    173.0
  ],
  "TZ": [
    -6.0,
    35.0
  ],
  "SS": [
    7.0,
    30.0
  ],
  "IR": [
    32.0,
    53.0
  ],
  "FM": [
    6.91666666,
    158.25
  ],
  "SJ": [
    78.0,
    20.0
  ],
  "MN": [
    46.0,
    105.0
  ],
  "MD": [
    47.0,
    29.0
  ],
  "NZ": [
    -41.0,
    174.0
  ],
  "SZ": [
    -26.5,
    31.5
  ],
  "SO": [
    10.0,
    49.0
  ],
  "LC": [
    13.88333333,
    -60.96666666
  ],
  "GY": [
    5.0,
    -59.0
  ],
  "IM": [
    54.25,
    -4.5
  ],
  "FO": [
    62.0,
    -7.0
  ],
  "BL": [
    18.5,
    -63.41666666
  ],
  "WF": [
    -13.3,
    -176.2
  ],
  "IN": [
    20.0,
    77.0
  ],
  "NE": [
    16.0,
    8.0
  ],
  "SX": [
    18.033333,
    -63.05
  ],
  "CD": [
    0.0,
    25.0
  ],
  "CG": [
    -1.0,
    15.0
  ],
  "KR": [
    37.0,
    127.5
  ],
  "CI": [
    8.0,
    -5.0
  ],
  "MV": [
    3.25,
    73.0
  ],
  "RS": [
    44.0,
    21.0
  ],
  "ML": [
    17.0,
    -4.0
  ],
  "DZ": [
    28.0,
    3.0
  ],
  "LA": [
    18.0,
    105.0
  ],
  "CM": [
    6.0,
    12.0
  ],
  "FI": [
    64.0,
    26.0
  ],
  "ZW": [
    -20.0,
    30.0
  ],
  "MS": [
    16.75,
    -62.2
  ],
  "BO": [
    -17.0,
    -65.0
  ],
  "LS": [
    -29.5,
    28.5
  ],
  "HU": [
    47.0,
    20.0
  ],
  "TM": [
    40.0,
    60.0
  ],
  "NO": [
    62.0,
    10.0
  ],
  "PE": [
    -10.0,
    -76.0
  ],
  "CU": [
    21.5,
    -80.0
  ],
  "LT": [
    56.0,
    24.0
  ],
  "KN": [
    17.33333333,
    -62.75
  ],
  "GG": [
    49.46666666,
    -2.58333333
  ],
  "MU": [
    -20.28333333,
    57.55
  ],
  "SA": [
    25.0,
    45.0
  ],
  "CW": [
    12.116667,
    -68.933333
  ],
  "BJ": [
    9.5,
    2.25
  ],
  "SK": [
    48.66666666,
    19.5
  ],
  "IO": [
    -6.0,
    71.5
  ],
  "TV": [
    -8.0,
    178.0
  ],
  "GL": [
    72.0,
    -40.0
  ],
  "CV": [
    16.5388,
    -23.0418
  ],
  "UZ": [
    41.0,
    64.0
  ],
  "SE": [
    62.0,
    15.0
  ],
  "BD": [
    24.0,
    90.0
  ],
  "TW": [
    23.5,
    121.0
  ],
  "IT": [
    42.83333333,
    12.83333333
  ],
  "TD": [
    15.0,
    19.0
  ],
  "SY": [
    35.0,
    38.0
  ],
  "CL": [
    -30.0,
    -71.0
  ],
  "SN": [
    14.0,
    -14.0
  ],
  "BF": [
    13.0,
    -2.0
  ],
  "RO": [
    46.0,
    25.0
  ],
  "BR": [
    -10.0,
    -55.0
  ],
  "YT": [
    -12.83333333,
    45.16666666
  ],
  "DM": [
    15.41666666,
    -61.33333333
  ],
  "EE": [
    59.0,
    26.0
  ],
  "TG": [
    8.0,
    1.16666666
  ],
  "KH": [
    13.0,
    105.0
  ],
  "DO": [
    19.0,
    -70.66666666
  ],
  "NF": [
    -29.03333333,
    167.95
  ],
  "CA": [
    60.0,
    -95.0
  ],
  "TF": [
    -49.25,
    69.167
  ],
  "PY": [
    -23.0,
    -58.0
  ],
  "KZ": [
    48.0196,
    66.9237
  ],
  "ID": [
    -5.0,
    120.0
  ],
  "LU": [
    49.75,
    6.16666666
  ],
  "EH": [
    24.5,
    -13.0
  ],
  "KM": [
    -12.16666666,
    44.25
  ],
  "AG": [
    17.05,
    -61.8
  ],
  "BG": [
    43.0,
    25.0
  ],
  "FK": [
    -51.75,
    -59.0
  ],
  "HN": [
    15.0,
    -86.5
  ],
  "UY": [
    -33.0,
    -56.0
  ],
  "PM": [
    46.83333333,
    -56.33333333
  ],
  "ET": [
    8.0,
    38.0
  ],
  "TJ": [
    39.0,
    71.0
  ],
  "TK": [
    -9.0,
    -172.0
  ],
  "BW": [
    -22.0,
    24.0
  ],
  "AL": [
    41.0,
    20.0
  ],
  "NG": [
    10.0,
    8.0
  ],
  "GM": [
    13.46666666,
    -16.56666666
  ],
  "CY": [
    35.0,
    33.0
  ],
  "BQ": [
    12.18,
    -68.25
  ],
  "VU": [
    -16.0,
    167.0
  ],
  "PT": [
    39.5,
    -8.0
  ],
  "CN": [
    35.0,
    105.0
  ],
  "SG": [
    1.36666666,
    103.8
  ],
  "DK": [
    56.0,
    10.0
  ],
  "GH": [
    8.0,
    -2.0
  ],
  "VC": [
    13.25,
    -61.2
  ],
  "MF": [
    18.0708,
    -63.0501
  ],
  "LR": [
    6.5,
    -9.5
  ],
  "HK": [
    22.267,
    114.188
  ],
  "GT": [
    15.5,
    -90.25
  ],
  "SL": [
    8.5,
    -11.5
  ],
  "MC": [
    43.73333333,
    7.4
  ],
  "LB": [
    33.83333333,
    35.83333333
  ],
  "SC": [
    -4.58333333,
    55.66666666
  ],
  "ZM": [
    -15.0,
    30.0
  ],
  "VE": [
    8.0,
    -66.0
  ],
  "SR": [
    4.0,
    -56.0
  ],
  "RE": [
    -21.15,
    55.5
  ],
  "UA": [
    49.0,
    32.0
  ],
  "LV": [
    57.0,
    25.0
  ],
  "DE": [
    51.0,
    9.0
  ],
  "ER": [
    15.0,
    39.0
  ],
  "HR": [
    45.16666666,
    15.5
  ],
  "PG": [
    -6.0,
    147.0
  ],
  "PW": [
    7.5,
    134.5
  ],
  "BA": [
    44.0,
    18.0
  ],
  "ME": [
    42.5,
    19.3
  ],
  "LY": [
    25.0,
    17.0
  ],
  "QA": [
    25.5,
    51.25
  ],
  "PK": [
    30.0,
    70.0
  ],
  "KP": [
    40.0,
    127.0
  ],
  "SM": [
    43.76666666,
    12.41666666
  ],
  "GN": [
    11.0,
    -10.0
  ],
  "AI": [
    18.25,
    -63.16666666
  ],
  "BN": [
    4.5,
    114.66666666
  ],
  "MG": [
    -20.0,
    47.0
  ],
  "AZ": [
    40.5,
    47.5
  ],
  "PS": [
    31.9,
    35.2
  ],
  "CF": [
    7.0,
    21.0
  ],
  "GD": [
    12.11666666,
    -61.66666666
  ],
  "BH": [
    26.0,
    50.55
  ],
  "AT": [
    47.33333333,
    13.33333333
  ],
  "FR": [
    46.0,
    2.0
  ],
  "GI": [
    36.13333333,
    -5.35
  ],
  "SV": [
    13.83333333,
    -88.91666666
  ],
  "MK": [
    41.83333333,
    22.0
  ],
  "GF": [
    4.0,
    -53.0
  ],
  "NA": [
    -22.0,
    17.0
  ],
  "AU": [
    -27.0,
    133.0
  ],
  "MA": [
    32.0,
    -5.0
  ],
  "IE": [
    53.0,
    -8.0
  ],
  "BM": [
    32.33333333,
    -64.75
  ],
  "NI": [
    13.0,
    -85.0
  ],
  "AX": [
    60.116667,
    19.9
  ],
  "BS": [
    25.0343,
    -77.3963
  ],
  "OM": [
    21.0,
    57.0
  ],
  "CH": [
    47.0,
    8.0
  ],
  "CZ": [
    49.75,
    15.5
  ],