{
  "Tunisia": [
    34.0,
    9.0
  ],
  "Andorra": [
    42.5,
    1.5
  ],
  "Vietnam": [
    16.16666666,
    107.83333333
  ],
  "Ecuador": [
    -2.0,
    -77.5
  ],
  "Puerto Rico": [
    18.25,
    -66.5
  ],
  "United States": [
    38.0,
    -97.0
  ],
  "South Georgia": [
    -54.5,
    -37.0
  ],
  "Israel": [
    31.47,
    35.13
  ],
  "United Kingdom": [
    54.0,
    -2.0
  ],
  "British Virgin Islands": [
    18.431383,
    -64.62305
  ],
  "Myanmar": [
    22.0,
    98.0
  ],
  "Poland": [
    52.0,
    20.0
  ],
  "Turks and Caicos Islands": [
    21.75,
    -71.58333333
  ],
  "Afghanistan": [
    33.0,
    65.0
  ],
  "Guadeloupe": [
    16.25,
    -61.583333
  ],
  "Kenya": [
    1.0,
    38.0
  ],
  "American Samoa": [
    -14.33333333,
    -170.0
  ],
  "Angola": [
    -12.5,
    18.5
  ],
  "Bhutan": [
    27.5,
    90.5
  ],
  "Malta": [
    35.9375,
    14.3754
  ],
  "Jersey": [
    49.25,
    -2.16666666
  ],
  "Russia": [
    60.0,
    100.0
  ],
  "Nepal": [
    28.0,
    84.0
  ],
  "Guinea-Bissau": [
    12.0,
    -15.0
  ],
  "Iraq": [
    33.0,
    44.0
  ],
  "Sudan": [
    15.0,
    30.0
  ],
  "French Polynesia": [
    -17.6797,
    -149.4068
  ],
  "Djibouti": [
    11.5,
    43.0
  ],
  "Mozambique": [
    -18.25,
    35.0
  ],
  "United States Virgin Islands": [
    18.35,
    -64.933333
  ],
  "Aruba": [
    12.5,
    -69.96666666
  ],
  "Saint Helena, Ascension and Tristan da Cunha": [
    -15.95,
    -5.72
  ],
  "South Africa": [
    -29.0,
    24.0
  ],
  "Liechtenstein": [
    47.26666666,
    9.53333333
  ],
  "São Tomé and Príncipe": [
    1.0,
    7.0
  ],
  "Burundi": [
    -3.5,
    30.0
  ],
  "Rwanda": [
    -2.0,
    30.0
  ],
  "Belgium": [
    50.83333333,
    4.0
  ],
  "Guam": [
    13.46666666,
    144.78333333
  ],
  "Jordan": [
    31.0,
    36.0
  ],
  "Northern Mariana Islands": [
    15.2,
    145.75
  ],
  "Equatorial Guinea": [
    2.0,
    10.0
  ],
  "Marshall Islands": [
    9.0,
    168.0
  ],
  "Niue": [
    -19.03333333,
    -169.86666666
  ],
  "Spain": [
    40.0,
    -4.0
  ],
  "Kyrgyzstan": [
    41.0,
    75.0
  ],
  "Bouvet Island": [
    54.4208,
    3.3464
  ],
  "Mauritania": [
    20.0,
    -12.0
  ],
  "Samoa": [
    -13.58333333,
    -172.33333333
  ],
  "Malawi": [
    -13.5,
    34.0
  ],
  "Panama": [
    9.0,
    -80.0
  ],
  "Thailand": [
    15.0,
    100.0
  ],
  "Turkey": [
    39.0,
    35.0
  ],
  "Philippines": [
    13.0,
    122.0
  ],
  "Pitcairn Islands": [
    -25.06666666,
    -130.1
  ],
  "Slovenia": [
    46.11666666,
    14.81666666
  ],
  "United Arab Emirates": [
    24.0,
    54.0
  ],
  "Georgia": [
    42.0,
    43.5
  ],
  "Greece": [
    39.0,
    22.0
  ],
  "Armenia": [
    40.0,
    45.0
  ],
  "Cocos (Keeling) Islands": [
    -12.1642,
    96.871
  ],
  "Costa Rica": [
    10.0,
    -84.0
  ],
  "Kiribati": [
    1.41666666,
    173.0
  ],
  "Tanzania": [
    -6.0,
    35.0
  ],
  "South Sudan": [
    7.0,
    30.0
  ],
  "Iran": [
    32.0,
    53.0
  ],
  "Micronesia": [
    6.91666666,
    158.25
  ],
  "Svalbard and Jan Mayen": [
    78.0,
    20.0
  ],
  "Mongolia": [
    46.0,
    105.0
  ],
  "Moldova": [
    47.0,
    29.0
  ],
  "New Zealand": [
    -41.0,
    174.0
  ],
  "Eswatini": [
    -26.5,
    31.5
  ],
  "Somalia": [
    10.0,
    49.0
  ],
  "Saint Lucia": [
    13.88333333,
    -60.96666666
  ],
  "Guyana": [
    5.0,
    -59.0
  ],
  "Isle of Man": [
    54.25,
    -4.5
  ],
  "Faroe Islands": [
    62.0,
    -7.0
  ],
  "Saint Barthélemy": [
    18.5,
    -63.41666666
  ],
  "Wallis and Futuna": [
    -13.3,
    -176.2
  ],
  "India": [
    20.0,
    77.0
  ],
  "Niger": [
    16.0,
    8.0
  ],
  "Sint Maarten": [
    18.033333,
    -63.05
  ],
  "DR Congo": [
    0.0,
    25.0
  ],
  "Republic of the Congo": [
    -1.0,
    15.0
  ],
  "South Korea": [
    37.0,
    127.5
  ],
  "Ivory Coast": [
    8.0,
    -5.0
  ],
  "Maldives": [
    3.25,
    73.0
  ],
  "Serbia": [
    44.0,
    21.0
  ],
  "Mali": [
    17.0,
    -4.0
  ],
  "Algeria": [
    28.0,
    3.0
  ],
  "Laos": [
    18.0,
    105.0
  ],
  "Cameroon": [
    6.0,
    12.0
  ],
  "Finland": [
    64.0,
    26.0
  ],
  "Zimbabwe": [
    -20.0,
    30.0
  ],
  "Montserrat": [
    16.75,
    -62.2
  ],
  "Bolivia": [
    -17.0,
    -65.0
  ],
  "Lesotho": [
    -29.5,
    28.5
  ],
  "Hungary": [
    47.0,
    20.0
  ],
  "Turkmenistan": [
    40.0,
    60.0
  ],
  "Norway": [
    62.0,
    10.0
  ],
  "Peru": [
    -10.0,
    -76.0
  ],
  "Cuba": [
    21.5,
    -80.0
  ],
  "Lithuania": [
    56.0,
    24.0
  ],
  "Saint Kitts and Nevis": [
    17.33333333,
    -62.75
  ],
  "Guernsey": [
    49.46666666,
    -2.58333333
  ],
  "Mauritius": [
    -20.28333333,
    57.55
  ],
  "Saudi Arabia": [
    25.0,
    45.0
  ],
  "Curaçao": [
    12.116667,
    -68.933333
  ],
  "Benin": [
    9.5,
    2.25
  ],
  "Slovakia": [
    48.66666666,
    19.5
  ],
  "British Indian Ocean Territory": [
    -6.0,
    71.5
  ],
  "Tuvalu": [
    -8.0,
    178.0
  ],
  "Greenland": [
    72.0,
    -40.0
  ],
  "Cape Verde": [
    16.5388,
    -23.0418
  ],
  "Uzbekistan": [
    41.0,
    64.0
  ],
  "Sweden": [
    62.0,
    15.0
  ],
  "Bangladesh": [
    24.0,
    90.0
  ],
  "Taiwan": [
    23.5,
    121.0
  ],
  "Italy": [
    42.83333333,
    12.83333333
  ],
  "Chad": [
    15.0,
    19.0
  ],
  "Syria": [
    35.0,
    38.0
  ],
  "Chile": [
    -30.0,
    -71.0
  ],
  "Senegal": [
    14.0,
    -14.0
  ],
  "Burkina Faso": [
    13.0,
    -2.0
  ],
  "Romania": [
    46.0,
    25.0
  ],
  "Brazil": [
    -10.0,
    -55.0
  ],
  "Mayotte": [
    -12.83333333,
    45.16666666
  ],
  "Dominica": [
    15.41666666,
    -61.33333333
  ],
  "Estonia": [
    59.0,
    26.0
  ],
  "Togo": [
    8.0,
    1.16666666
  ],
  "Cambodia": [
    13.0,
    105.0
  ],
  "Dominican Republic": [
    19.0,
    -70.66666666
  ],
  "Norfolk Island": [
    -29.03333333,
    167.95
  ],
  "Canada": [
    60.0,
    -95.0
  ],
  "French Southern and Antarctic Lands": [
    -49.25,
    69.167
  ],
  "Paraguay": [
    -23.0,
    -58.0
  ],
  "Kazakhstan": [
    48.0196,
    66.9237
  ],
  "Indonesia": [
    -5.0,
    120.0
  ],
  "Luxembourg": [
    49.75,
    6.16666666
  ],
  "Western Sahara": [
    24.5,
    -13.0
  ],
  "Comoros": [
    -12.16666666,
    44.25
  ],
  "Antigua and Barbuda": [
    17.05,
    -61.8
  ],
  "Bulgaria": [
    43.0,
    25.0
  ],
  "Falkland Islands": [
    -51.75,
    -59.0
  ],
  "Honduras": [
    15.0,
    -86.5
  ],
  "Uruguay": [
    -33.0,
    -56.0
  ],
  "Saint Pierre and Miquelon": [
    46.83333333,
    -56.33333333
  ],
  "Ethiopia": [
    8.0,
    38.0
  ],
  "Tajikistan": [
    39.0,
    71.0
  ],
  "Tokelau": [
    -9.0,
    -172.0
  ],
  "Botswana": [
    -22.0,
    24.0
  ],
  "Albania": [
    41.0,
    20.0
  ],
  "Nigeria": [
    10.0,
    8.0
  ],
  "Gambia": [
    13.46666666,
    -16.56666666
  ],
  "Cyprus": [
    35.0,
    33.0
  ],
  "Caribbean Netherlands": [
    12.18,
    -68.25
  ],
  "Vanuatu": [
    -16.0,
    167.0
  ],
  "Portugal": [
    39.5,
    -8.0
  ],
  "China": [
    35.0,
    105.0
  ],
  "Singapore": [
    1.36666666,
    103.8
  ],
  "Denmark": [
    56.0,
    10.0
  ],
  "Ghana": [
    8.0,
    -2.0
  ],
  "Saint Vincent and the Grenadines": [
    13.25,
    -61.2
  ],
  "Saint Martin": [
    18.0708,
    -63.0501
  ],
  "Liberia": [
    6.5,
    -9.5
  ],
  "Hong Kong": [
    22.267,
    114.188
  ],
  "Guatemala": [
    15.5,
    -90.25
  ],
  "Sierra Leone": [
    8.5,
    -11.5
  ],
  "Monaco": [
    43.73333333,
    7.4
  ],
  "Lebanon": [
    33.83333333,
    35.83333333
  ],
  "Seychelles": [
    -4.58333333,
    55.66666666
  ],
  "Zambia": [
    -15.0,
    30.0
  ],
  "Venezuela": [
    8.0,
    -66.0
  ],
  "Suriname": [
    4.0,
    -56.0
  ],
  "Réunion": [
    -21.15,
    55.5
  ],
  "Ukraine": [
    49.0,
    32.0
  ],
  "Latvia": [
    57.0,
    25.0
  ],
  "Germany": [
    51.0,
    9.0
  ],